<?xml version="1.0" encoding="ISO-8859-1"?>
<metadata>
	<idinfo>
		<citation>
			<citeinfo>
				<origin>DC Office of Tax and Revenue- Real Property Division</origin>
				<pubdate>20110907</pubdate>
				<title>Assessment Neighborhoods</title>
				<geoform Sync="TRUE">vector digital data</geoform>
				<onlink Sync="TRUE">\\ojsfile1\global\GIS\SPATIAL_DATA\DataCatalog\ASNBHDPLY.shp</onlink>
				<ftname Sync="TRUE">ASNBHDPLY</ftname><pubtime>Unknown</pubtime></citeinfo>
		</citation>
		<descript>
			<abstract>
This dataset contains polygons that represent the boundaries of assessment neighborhoods as defined by the DC Office of Tax and Revenue (OTR) Real Property Tax Administration (RPTA).  For analysis purposes, RPTA delineates assessment neighborhoods to group properties that are affected by similar economic, political, governmental, and environmental factors.

Assessment neighborhoods are defined by the environment of a subject property that has a direct and immediate effect on its value.  The assessment neighborhood is a geographic area (in which there are typically fewer than several thousand properties) defined for some useful purpose, such as to ensure for later multiple regression modeling that the properties are homogeneous and share important locational characteristics.

Assessment neighborhoods boundaries typically follow street centerlines, hydrological boundaries, and boundaries of major properties such as parks and monuments.  The current feature class was created by selecting coincident features from the DC GIS snapbase.  These included road centerlines, stream centerlines, water boundaries, rail lines, and DC political boundaries.  After a new feature class was created, any additional lines required for polygon closure were snapped to existing features using a tolerance of .001 meters.
</abstract>
			<purpose>This dataset is used by the DC Real Property Tax Administration (RPTA) to facilitate analysis and statistical modeling on properties that are homogeneous and share important locational characteristics.</purpose>
			<supplinf>Assessment neighborhoods are not analogous to Neighborhood Cluster boundaries that are used for planning purposes and political analysis.  They should not be confused with the cluster layer or considered to be interchangeable in any way.</supplinf>
			<langdata Sync="TRUE">en</langdata></descript>
		<timeperd>
			<timeinfo>
				<sngdate>
					<caldate>20110907</caldate>
				</sngdate>
			</timeinfo>
			<current>publication date</current>
		</timeperd>
		<status>
			<progress>The state of the data set.  REQUIRED.</progress>
			<update>The frequency with which changes and additions are made to the data set after the initial data set is completed.  REQUIRED.</update>
		</status>
		<spdom>
			<bounding>
				<westbc Sync="TRUE">-77.116729</westbc>
				<eastbc Sync="TRUE">-76.909016</eastbc>
				<northbc Sync="TRUE">38.995967</northbc>
				<southbc Sync="TRUE">38.803057</southbc>
			</bounding>
			<lboundng><leftbc Sync="TRUE">389888.062500</leftbc><rightbc Sync="TRUE">407881.656195</rightbc><bottombc Sync="TRUE">126150.429705</bottombc><topbc Sync="TRUE">147558.546897</topbc></lboundng></spdom>
		<keywords>
			<theme>
				<themekt>Reference to a formally registered thesaurus or a similar authoritative source of theme keywords.  REQUIRED.</themekt>
				<themekey>Assessment neighborhoods, RPTA neighborhoods, Assessment neighborhood areas</themekey>
			</theme>
			<place>
				<placekey>Washington, D.C., District of Columbia, DC GIS, DCGIS</placekey>
			</place>
		</keywords>
		<ptcontac>
			<cntinfo>
				<cntorgp>
					<cntorg>DC Office of Tax and Revenue, Real Property Tax Administration</cntorg>
				</cntorgp>
				<cntpos>Manager, Maps and Titles</cntpos>
				<cntvoice>202-442-6744</cntvoice>
			</cntinfo>
		</ptcontac>
		<native Sync="TRUE">Microsoft Windows XP Version 5.1 (Build 2600) Service Pack 3; ESRI ArcCatalog 9.3.1.4000</native>
		<natvform Sync="TRUE">Shapefile</natvform><useconst>Acknowledgment of the DC Geographic Information Systems Program (DC GIS). The District of Columbia Government makes no claims as to the completeness, accuracy or content of any data contained hereon, and makes no representation of any kind, including, but not limited to, the warranty of the accuracy or fitness for a particular use, nor are any such warranties to be implied or inferred with respect to the information or data furnished herein.</useconst></idinfo>
	<spdoinfo>
		<direct Sync="TRUE">Vector</direct>
		<ptvctinf>
			<sdtsterm Name="ASNBHDPLY">
				<sdtstype Sync="TRUE">G-polygon</sdtstype>
				<ptvctcnt Sync="TRUE">0</ptvctcnt>
			</sdtsterm>
			<esriterm Name="ASNBHDPLY"><efeatyp Sync="TRUE">Simple</efeatyp><efeageom Sync="TRUE">Polygon</efeageom><esritopo Sync="TRUE">FALSE</esritopo><efeacnt Sync="TRUE">0</efeacnt><spindex Sync="TRUE">FALSE</spindex><linrefer Sync="TRUE">FALSE</linrefer></esriterm></ptvctinf>
	</spdoinfo>
	<spref>
		<horizsys>
			<planar>
				<planci>
					<plance Sync="TRUE">coordinate pair</plance>
					<coordrep>
						<absres Sync="TRUE">0.000000</absres>
						<ordres Sync="TRUE">0.000000</ordres>
					</coordrep>
					<plandu Sync="TRUE">meters</plandu>
				</planci>
				<gridsys><gridsysn Sync="TRUE">State Plane Coordinate System 1983</gridsysn><spcs><spcszone Sync="TRUE">1900</spcszone><lambertc><stdparll Sync="TRUE">38.300000</stdparll><stdparll Sync="TRUE">39.450000</stdparll><longcm Sync="TRUE">-77.000000</longcm><latprjo Sync="TRUE">37.666667</latprjo><feast Sync="TRUE">400000.000000</feast><fnorth Sync="TRUE">0.000000</fnorth></lambertc></spcs></gridsys></planar>
			<geodetic>
				<horizdn Sync="TRUE">North American Datum of 1983</horizdn>
				<ellips Sync="TRUE">Geodetic Reference System 80</ellips>
				<semiaxis Sync="TRUE">6378137.000000</semiaxis>
				<denflat Sync="TRUE">298.257222</denflat>
			</geodetic>
			<cordsysn><geogcsn Sync="TRUE">GCS_North_American_1983</geogcsn><projcsn Sync="TRUE">NAD_1983_StatePlane_Maryland_FIPS_1900</projcsn></cordsysn></horizsys>
		<vertdef>
			<altsys>
				<altres Sync="TRUE">1.000000</altres>
				<altenc Sync="TRUE">Explicit elevation coordinate included with horizontal coordinates</altenc>
			</altsys>
		</vertdef>
	</spref>
	<eainfo>
		<detailed Name="ASNBHDPLY">
			<enttyp>
				<enttypl Sync="TRUE">ASNBHDPLY</enttypl>
				<enttypt Sync="TRUE">Feature Class</enttypt><enttypc Sync="TRUE">0</enttypc></enttyp>
			<attr><attrlabl Sync="TRUE">FID</attrlabl><attalias Sync="TRUE">FID</attalias><attrtype Sync="TRUE">OID</attrtype><attwidth Sync="TRUE">4</attwidth><atprecis Sync="TRUE">0</atprecis><attscale Sync="TRUE">0</attscale><attrdef Sync="TRUE">Internal feature number.</attrdef><attrdefs Sync="TRUE">ESRI</attrdefs><attrdomv><udom Sync="TRUE">Sequential unique whole numbers that are automatically generated.</udom></attrdomv></attr><attr><attrlabl Sync="TRUE">Shape</attrlabl><attalias Sync="TRUE">Shape</attalias><attrtype Sync="TRUE">Geometry</attrtype><attwidth Sync="TRUE">0</attwidth><atprecis Sync="TRUE">0</atprecis><attscale Sync="TRUE">0</attscale><attrdef Sync="TRUE">Feature geometry.</attrdef><attrdefs Sync="TRUE">ESRI</attrdefs><attrdomv><udom Sync="TRUE">Coordinates defining the features.</udom></attrdomv></attr><attr><attrlabl Sync="TRUE">GIS_ID</attrlabl><attalias Sync="TRUE">GIS_ID</attalias><attrtype Sync="TRUE">String</attrtype><attwidth Sync="TRUE">16</attwidth></attr><attr><attrlabl Sync="TRUE">NBHD</attrlabl><attalias Sync="TRUE">NBHD</attalias><attrtype Sync="TRUE">String</attrtype><attwidth Sync="TRUE">16</attwidth></attr><attr><attrlabl Sync="TRUE">NBHD_NUM</attrlabl><attalias Sync="TRUE">NBHD_NUM</attalias><attrtype Sync="TRUE">Number</attrtype><attwidth Sync="TRUE">5</attwidth></attr><attr><attrlabl Sync="TRUE">NBHD_TEXT</attrlabl><attalias Sync="TRUE">NBHD_TEXT</attalias><attrtype Sync="TRUE">String</attrtype><attwidth Sync="TRUE">3</attwidth></attr><attr><attrlabl Sync="TRUE">NEIGHBORHO</attrlabl><attalias Sync="TRUE">NEIGHBORHO</attalias><attrtype Sync="TRUE">String</attrtype><attwidth Sync="TRUE">99</attwidth></attr><attr><attrlabl Sync="TRUE">DESCRIPTIO</attrlabl><attalias Sync="TRUE">DESCRIPTIO</attalias><attrtype Sync="TRUE">String</attrtype><attwidth Sync="TRUE">99</attwidth></attr><attr><attrlabl Sync="TRUE">LABELB</attrlabl><attalias Sync="TRUE">LABELB</attalias><attrtype Sync="TRUE">String</attrtype><attwidth Sync="TRUE">2</attwidth></attr><attr><attrlabl Sync="TRUE">NHDLNK</attrlabl><attalias Sync="TRUE">NHDLNK</attalias><attrtype Sync="TRUE">String</attrtype><attwidth Sync="TRUE">10</attwidth></attr><attr><attrlabl Sync="TRUE">SHAPE_AREA</attrlabl><attalias Sync="TRUE">SHAPE_AREA</attalias><attrtype Sync="TRUE">Float</attrtype><attwidth Sync="TRUE">19</attwidth><attrdef Sync="TRUE">Area of feature in internal units squared.</attrdef><attrdefs Sync="TRUE">ESRI</attrdefs><attrdomv><udom Sync="TRUE">Positive real numbers that are automatically generated.</udom></attrdomv><atnumdec Sync="TRUE">11</atnumdec></attr><attr><attrlabl Sync="TRUE">SHAPE_LEN</attrlabl><attalias Sync="TRUE">SHAPE_LEN</attalias><attrtype Sync="TRUE">Float</attrtype><attwidth Sync="TRUE">19</attwidth><atnumdec Sync="TRUE">11</atnumdec></attr></detailed>
	</eainfo>
	<distinfo>
		<resdesc>Downloadable Data</resdesc>
		<stdorder>
			<digform>
				<digtinfo>
					<formname>SHP</formname>
					<filedec>No compression applied</filedec>
					<transize>0.079</transize>
					<dssize Sync="TRUE">0.000</dssize></digtinfo>
				<digtopt>
					<onlinopt>
						<computer>
							<networka>
								<networkr>\\ALEX-GEO1\g\wgis\OCTO\gisdata\revisions\gdb_II\neighborhoods 3-00.shp</networkr>
							</networka>
						</computer>
						<accinstr>Local area network</accinstr>
					</onlinopt>
				</digtopt>
			</digform>
		</stdorder>
	</distinfo>
	<metainfo>
		<metd Sync="TRUE">20111018</metd>
		<metc>
			<cntinfo>
				<cntorgp>
					<cntorg>The organization responsible for the metadata information.  REQUIRED.</cntorg>
					<cntper>The person responsible for the metadata information.  REQUIRED.</cntper>
				</cntorgp>
				<cntaddr>
					<addrtype>The mailing and/or physical address for the organization or individual.  REQUIRED.</addrtype>
					<city>The city of the address.  REQUIRED.</city>
					<state>The state or province of the address.  REQUIRED.</state>
					<postal>The ZIP or other postal code of the address.  REQUIRED.</postal>
				</cntaddr>
				<cntvoice>The telephone number by which individuals can speak to the organization or individual.  REQUIRED.</cntvoice>
			</cntinfo>
		</metc>
		<metstdn Sync="TRUE">FGDC Content Standards for Digital Geospatial Metadata</metstdn>
		<metstdv Sync="TRUE">FGDC-STD-001-1998</metstdv>
		<mettc Sync="TRUE">local time</mettc>
		<metextns>
			<onlink>http://www.esri.com/metadata/esriprof80.html</onlink>
			<metprof>ESRI Metadata Profile</metprof>
		</metextns>
		<langmeta Sync="TRUE">en</langmeta><metextns><onlink Sync="TRUE">http://www.esri.com/metadata/esriprof80.html</onlink><metprof Sync="TRUE">ESRI Metadata Profile</metprof></metextns></metainfo>
	<Esri><CreaDate>20110907</CreaDate><CreaTime>15125800</CreaTime><SyncOnce>FALSE</SyncOnce><SyncDate>20111018</SyncDate><SyncTime>11403900</SyncTime><ModDate>20111018</ModDate><ModTime>11403900</ModTime><DataProperties><lineage><Process ToolSource="C:\Program Files\ArcGIS\ArcToolbox\Toolboxes\Data Management Tools.tbx\CopyFeatures" Date="20110809" Time="175038">CopyFeatures V:\ForDCGIS\AssessNbhd.shp V:\Data_Load.gdb\AssessNbhd # 0 0 0</Process><Process ToolSource="C:\Program Files\ArcGIS\ArcToolbox\Toolboxes\Conversion Tools.tbx\FeatureClassToFeatureClass" Date="20111018" Time="114040">FeatureClassToFeatureClass "Database Connections\Central.sde\DCGIS.RealProperty\DCGIS.AsNbhdPly" G:\GIS\SPATIAL_DATA\DataCatalog ASNBHDPLY.shp # "GIS_ID 'GIS_ID' true true false 16 Text 0 0 ,First,#,Database Connections\Central.sde\DCGIS.RealProperty\DCGIS.AsNbhdPly,GIS_ID,-1,-1;NBHD 'NBHD' true true false 16 Text 0 0 ,First,#,Database Connections\Central.sde\DCGIS.RealProperty\DCGIS.AsNbhdPly,NBHD,-1,-1;NBHD_NUM 'NBHD_NUM' true true false 2 Short 0 5 ,First,#,Database Connections\Central.sde\DCGIS.RealProperty\DCGIS.AsNbhdPly,NBHD_NUM,-1,-1;NBHD_TEXT 'NBHD_TEXT' true true false 3 Text 0 0 ,First,#,Database Connections\Central.sde\DCGIS.RealProperty\DCGIS.AsNbhdPly,NBHD_TEXT,-1,-1;NEIGHBORHO 'NEIGHBORHO' true true false 99 Text 0 0 ,First,#,Database Connections\Central.sde\DCGIS.RealProperty\DCGIS.AsNbhdPly,NEIGHBORHO,-1,-1;DESCRIPTIO 'DESCRIPTIO' true true false 99 Text 0 0 ,First,#,Database Connections\Central.sde\DCGIS.RealProperty\DCGIS.AsNbhdPly,DESCRIPTIO,-1,-1;LABELB 'LABELB' true true false 2 Text 0 0 ,First,#,Database Connections\Central.sde\DCGIS.RealProperty\DCGIS.AsNbhdPly,LABELB,-1,-1;NHDLNK 'NHDLNK' true true false 10 Text 0 0 ,First,#,Database Connections\Central.sde\DCGIS.RealProperty\DCGIS.AsNbhdPly,NHDLNK,-1,-1;SHAPE_AREA 'SHAPE_AREA' false false true 0 Double 0 0 ,First,#,Database Connections\Central.sde\DCGIS.RealProperty\DCGIS.AsNbhdPly,SHAPE.AREA,-1,-1;SHAPE_LEN 'SHAPE_LEN' false false true 0 Double 0 0 ,First,#,Database Connections\Central.sde\DCGIS.RealProperty\DCGIS.AsNbhdPly,SHAPE.LEN,-1,-1" # G:\GIS\SPATIAL_DATA\DataCatalog\ASNBHDPLY.shp</Process></lineage></DataProperties><MetaID>{B3B5DA38-0C41-47E5-912E-ABE9CC16583A}</MetaID></Esri><dataqual><lineage><procstep><procdesc Sync="TRUE">Metadata imported.</procdesc><srcused Sync="TRUE">C:\temp\AsNbhdPly.xml</srcused><procdate Sync="TRUE">20110907</procdate><proctime Sync="TRUE">15125800</proctime></procstep></lineage><logic>adjusted neighborhood polygons by snapping to street centerlines and current neighborhood polygons.  Polygons that were adjusted on 10/14/2005 were:
1. Small eastern portion of Nbhd 40
2. Small northern portion of Nbhd 44
3. Small western portion of Nbhd 39</logic></dataqual><dataIdInfo><envirDesc Sync="TRUE">Microsoft Windows XP Version 5.1 (Build 2600) Service Pack 3; ESRI ArcCatalog 9.3.1.4000</envirDesc><dataLang><languageCode Sync="TRUE" value="en"></languageCode></dataLang><idCitation><resTitle Sync="TRUE">ASNBHDPLY</resTitle><presForm><PresFormCd Sync="TRUE" value="005"></PresFormCd></presForm></idCitation><spatRpType><SpatRepTypCd Sync="TRUE" value="001"></SpatRepTypCd></spatRpType><geoBox esriExtentType="decdegrees"><westBL Sync="TRUE">-77.116729</westBL><eastBL Sync="TRUE">-76.909016</eastBL><northBL Sync="TRUE">38.995967</northBL><southBL Sync="TRUE">38.803057</southBL><exTypeCode Sync="TRUE">1</exTypeCode></geoBox><dataExt><geoEle><GeoBndBox esriExtentType="native"><westBL Sync="TRUE">389888.0625</westBL><eastBL Sync="TRUE">407881.656195</eastBL><northBL Sync="TRUE">147558.546897</northBL><southBL Sync="TRUE">126150.429705</southBL><exTypeCode Sync="TRUE">1</exTypeCode></GeoBndBox></geoEle></dataExt></dataIdInfo><mdLang><languageCode Sync="TRUE" value="en"></languageCode></mdLang><mdStanName Sync="TRUE">ISO 19115 Geographic Information - Metadata</mdStanName><mdStanVer Sync="TRUE">DIS_ESRI1.0</mdStanVer><mdChar><CharSetCd Sync="TRUE" value="004"></CharSetCd></mdChar><mdHrLv><ScopeCd Sync="TRUE" value="005"></ScopeCd></mdHrLv><mdHrLvName Sync="TRUE">dataset</mdHrLvName><distInfo><distributor><distorTran><onLineSrc><orDesc Sync="TRUE">002</orDesc><linkage Sync="TRUE">file://\\ojsfile1\global\GIS\SPATIAL_DATA\DataCatalog\ASNBHDPLY.shp</linkage><protocol Sync="TRUE">Local Area Network</protocol></onLineSrc><transSize Sync="TRUE">0.000</transSize></distorTran><distorFormat><formatName Sync="TRUE">Shapefile</formatName></distorFormat></distributor></distInfo><refSysInfo><RefSystem><refSysID><identCode Sync="TRUE">NAD_1983_StatePlane_Maryland_FIPS_1900</identCode></refSysID></RefSystem></refSysInfo><spatRepInfo><VectSpatRep><topLvl><TopoLevCd Sync="TRUE" value="001"></TopoLevCd></topLvl><geometObjs Name="ASNBHDPLY"><geoObjTyp><GeoObjTypCd Sync="TRUE" value="001"></GeoObjTypCd></geoObjTyp><geoObjCnt Sync="TRUE">0</geoObjCnt></geometObjs></VectSpatRep></spatRepInfo><mdDateSt Sync="TRUE">20111018</mdDateSt></metadata>
